mode,phase,knee_L_flex_deg,elbow_L_flex_deg,foot_L_lift_cm,support_L,knee_R_flex_deg,elbow_R_flex_deg,foot_R_lift_cm,support_R
idle,0,23.57,8.0,0.0,True,23.57,8.0,0.0,True
idle,0.25,23.57,8.0,0.0,True,23.57,8.0,0.0,True
idle,0.5,23.57,8.0,0.0,True,23.57,8.0,0.0,True
idle,0.75,23.57,8.0,0.0,True,23.57,8.0,0.0,True
walk,0,14.06,8.0,0.0,True,14.06,8.0,0.0,False
walk,0.25,23.16,8.0,0.0,True,46.36,8.0,5.5,False
walk,0.5,14.06,8.0,0.0,False,14.06,8.0,0.0,True
walk,0.75,46.36,8.0,5.5,False,23.16,8.0,0.0,True
run,0,46.67,95.0,0.0,True,46.67,95.0,0.0,False
run,0.25,52.95,95.0,0.0,True,103.75,95.0,24.0,False
run,0.5,46.67,95.0,0.0,False,46.67,95.0,0.0,True
run,0.75,103.75,95.0,24.0,False,52.95,95.0,0.0,True
punch,0,23.57,18.97,0.0,True,23.57,108.54,0.0,True
punch,0.25,23.57,77.48,0.0,True,23.57,77.48,0.0,True
punch,0.5,23.57,108.54,0.0,True,23.57,18.97,0.0,True
punch,0.75,23.57,77.48,0.0,True,23.57,77.48,0.0,True
